{"cylinder": {"cx": -16.98506202916986, "cy": 11.98402690836206, "cz": -1.8043845031617325, "h": 6.901034360000001, "r": 3.9130155106228472}, "box": {"dimensions": [7.248025890000001, 7.586050029999999, 6.901034360000001], "center": [-17.227735073555348, 11.904743716117414, -1.8043845031617325]}}