{"cylinder": {"cx": -21.336599596104705, "cy": 28.320271399390684, "cz": -1.0692336881617326, "h": 5.57555389, "r": 6.259127796840991}, "box": {"dimensions": [11.534660339999999, 12.223311419999998, 5.57555389], "center": [-21.637497458555345, 28.344686551117412, -1.0692336881617326]}}