{"cylinder": {"cx": 2.2794990076761077, "cy": 2.8236868054925934, "cz": -1.8274295831617324, "h": 6.169362, "r": 3.307554534804872}, "box": {"dimensions": [4.951542000000001, 6.2751, 6.169362], "center": [2.2367989714446534, 2.9932298711174132, -1.8274295831617324]}}