{"cylinder": {"cx": -19.45040398301766, "cy": 18.97988599973433, "cz": -1.1621263381617322, "h": 5.31106853, "r": 4.456130617953153}, "box": {"dimensions": [8.607995990000001, 7.904504770000001, 5.31106853], "center": [-19.37784722355535, 18.995564026117414, -1.1621263381617322]}}