{"cylinder": {"cx": -6.96421082611454, "cy": 4.365717050517721, "cz": -2.6991040831617323, "h": 7.425513, "r": 3.9390167416027255}, "box": {"dimensions": [5.877200000000001, 7.6951100000000014, 7.425513], "center": [-7.421450028555347, 4.409334871117413, -2.6991040831617323]}}