{"cylinder": {"cx": 23.95882425174272, "cy": 39.06873504673965, "cz": -1.4354179231617326, "h": 5.10070038, "r": 6.092006044376734}, "box": {"dimensions": [11.59945678, 11.742080690000002, 5.10070038], "center": [23.877706021444652, 39.06596140611741, -1.4354179231617326]}}