{"cylinder": {"cx": -2.2202272119229174, "cy": 2.665995145554104, "cz": -2.065566083161732, "h": 6.205569000000001, "r": 3.3802798595406416}, "box": {"dimensions": [5.060360299999999, 6.522100000000002, 6.205569000000001], "center": [-2.4439798785553464, 2.7770298711174135, -2.065566083161732]}}