{"cylinder": {"cx": 6.725693244459554, "cy": 4.056166606934046, "cz": -2.448273083161732, "h": 7.429935, "r": 3.905195321361029}, "box": {"dimensions": [5.891759999999999, 7.552899999999999, 7.429935], "center": [7.212969971444654, 4.070629871117414, -2.448273083161732]}}