{"cylinder": {"cx": 15.908478706444654, "cy": 12.380295796117414, "cz": -2.256799733161732, "h": 7.19266558, "r": 3.9512281378428433}, "box": {"dimensions": [7.17867088, 7.67443752, 7.19266558], "center": [16.056547611444653, 12.310353321117415, -2.256799733161732]}}