{"cylinder": {"cx": 21.093588810844334, "cy": 28.04394727571408, "cz": -1.7518728081617323, "h": 5.58546257, "r": 6.075988196246098}, "box": {"dimensions": [11.46448612, 11.949797630000003, 5.58546257], "center": [21.15238854144465, 27.976216356117412, -1.7518728081617323]}}