{"cylinder": {"cx": 18.773976627640703, "cy": 18.741700750083233, "cz": -2.2789745681617326, "h": 6.61550665, "r": 4.450600163631524}, "box": {"dimensions": [8.44388199, 8.311294550000003, 6.61550665], "center": [18.83280512644465, 18.702761216117416, -2.2789745681617326]}}