{"cylinder": {"cx": -12.292702955988336, "cy": 6.702649910253237, "cz": -2.7733390831617326, "h": 7.615943, "r": 4.003217719610195}, "box": {"dimensions": [6.892060000000001, 7.7051099999999995, 7.615943], "center": [-12.687420028555348, 6.689134871117413, -2.7733390831617326]}}