{"cylinder": {"cx": -24.801232162715404, "cy": 39.618213916516915, "cz": -0.005845938161732178, "h": 6.13888717, "r": 6.287923622639807}, "box": {"dimensions": [11.69213676, 12.015895849999993, 6.13888717], "center": [-24.515370878555345, 39.542565866117414, -0.005845938161732178]}}