{"cylinder": {"cx": 12.124686198663074, "cy": 6.477741381101331, "cz": -2.8407945831617325, "h": 8.069552, "r": 3.9459281235251065}, "box": {"dimensions": [7.120330000000003, 7.38795, 8.069552], "center": [12.440884971444653, 6.322754871117414, -2.8407945831617325]}}