{"cylinder": {"cx": -4.024392388465169, "cy": -0.9055540980021725, "cz": 2.1100706718382676, "h": 8.554728990000001, "r": 4.46375785718324}, "box": {"dimensions": [8.728238110000001, 7.337429039999998, 8.554728990000001], "center": [-4.041910203555347, -0.15890164888258607, 2.1100706718382676]}}