{"cylinder": {"cx": 4.520366923870484, "cy": -1.1558711449146117, "cz": 2.2149862868382675, "h": 8.60518694, "r": 4.554108050076046}, "box": {"dimensions": [8.69174385, 7.66045761, 8.60518694], "center": [4.562092276444653, -0.4486088338825853, 2.2149862868382675]}}