{"cylinder": {"cx": 28.62974315472506, "cy": 38.81186265344375, "cz": 4.453813756838268, "h": 8.67368126, "r": 6.279757398636902}, "box": {"dimensions": [11.551326759999998, 11.378515250000007, 8.67368126], "center": [28.137143581444654, 38.930138156117415, 4.453813756838268]}}