{"cylinder": {"cx": -22.45223778397998, "cy": 20.837317525483112, "cz": 2.8012544168382676, "h": 6.42589, "r": 4.937457157630999}, "box": {"dimensions": [9.212, 8.48546, 6.42589], "center": [-22.486450028555346, 20.64572987111741, 2.8012544168382676]}}