{"cylinder": {"cx": 23.021999971444654, "cy": 20.994767371117412, "cz": 2.4870894168382676, "h": 6.395879999999999, "r": 4.972144874121856}, "box": {"dimensions": [9.202199999999998, 8.537860000000002, 6.395879999999999], "center": [23.155649971444653, 20.911599871117414, 2.4870894168382676]}}