{"cylinder": {"cx": -19.72990795917667, "cy": 13.85567496597378, "cz": 2.8097994168382674, "h": 7.00364, "r": 4.968387130890595}, "box": {"dimensions": [9.6273, 8.222674, 7.00364], "center": [-19.791400028555348, 13.627146871117414, 2.8097994168382674]}}