{"cylinder": {"cx": 11.45679732671096, "cy": 1.6221299422200746, "cz": 2.6280194168382676, "h": 7.94968, "r": 3.944887155909738}, "box": {"dimensions": [7.24564, 7.533100000000001, 7.94968], "center": [11.743229971444652, 1.5872298711174135, 2.6280194168382676]}}