{"cylinder": {"cx": -24.449768573555346, "cy": 29.288532301117414, "cz": 2.8039316768382676, "h": 6.27285814, "r": 6.442637607480569}, "box": {"dimensions": [11.450059890000002, 12.205344199999999, 6.27285814], "center": [-24.16271355355535, 29.357472941117415, 2.8039316768382676]}}