{"cylinder": {"cx": 25.332130679067546, "cy": 29.540424722473475, "cz": 2.253039326838268, "h": 6.4818511, "r": 6.518212297572043}, "box": {"dimensions": [11.43280983, 12.439207549999999, 6.4818511], "center": [25.044678176444656, 29.58870105611741, 2.253039326838268]}}