{"cylinder": {"cx": 20.30413988788211, "cy": 14.291425532382625, "cz": 2.4500294168382677, "h": 7.31316, "r": 5.060548581103471}, "box": {"dimensions": [9.946499999999999, 8.395843000000001, 7.31316], "center": [20.30499997144465, 13.742811371117416, 2.4500294168382677]}}