{"cylinder": {"cx": 17.186694268070998, "cy": 6.696382200980423, "cz": 3.0617194168382675, "h": 8.87486, "r": 4.444353621101056}, "box": {"dimensions": [7.688799999999999, 8.55134, 8.87486], "center": [17.12274997144465, 6.668149871117414, 3.0617194168382675]}}