{"cylinder": {"cx": -28.41571667855535, "cy": 37.700786396117415, "cz": 6.442672216838268, "h": 9.310851580000001, "r": 6.274305036088423}, "box": {"dimensions": [11.196466449999999, 11.36809015, 9.310851580000001], "center": [-28.066146403555344, 37.65854386611741, 6.442672216838268]}}