{"cylinder": {"cx": -16.793870661307775, "cy": 6.581316660921855, "cz": 3.2220394168382676, "h": 8.1585, "r": 4.381994071637153}, "box": {"dimensions": [7.488100000000001, 8.52657, 8.1585], "center": [-16.703100028555347, 6.544464871117414, 3.2220394168382676]}}