{"cylinder": {"cx": -11.156242219201337, "cy": 1.9334997773107958, "cz": 2.8542044168382676, "h": 7.761489999999999, "r": 3.9181024077117956}, "box": {"dimensions": [7.241990000000001, 7.429899999999998, 7.761489999999999], "center": [-11.382255028555347, 1.9644298711174146, 2.8542044168382676]}}